{
    "foreground_intensity_properties_per_channel": {
        "0": {
            "max": 2794.0,
            "mean": 348.1606750488281,
            "median": 221.0,
            "min": 0.0,
            "percentile_00_5": 58.0,
            "percentile_99_5": 1487.0,
            "std": 306.624267578125
        }
    },
    "median_relative_size_after_cropping": 0.9892067307692308,
    "shapes_after_crop": [
        [
            88,
            368,
            511
        ],
        [
            88,
            368,
            511
        ],
        [
            72,
            257,
            319
        ],
        [
            96,
            460,
            503
        ],
        [
            72,
            258,
            319
        ],
        [
            80,
            257,
            319
        ],
        [
            88,
            358,
            446
        ],
        [
            72,
            259,
            318
        ],
        [
            72,
            258,
            319
        ],
        [
            72,
            259,
            319
        ],
        [
            96,
            409,
            497
        ],
        [
            80,
            300,
            383
        ],
        [
            88,
            358,
            444
        ],
        [
            96,
            272,
            511
        ],
        [
            80,
            345,
            444
        ],
        [
            80,
            248,
            319
        ],
        [
            96,
            456,
            499
        ],
        [
            88,
            352,
            511
        ],
        [
            48,
            383,
            511
        ],
        [
            72,
            352,
            511
        ],
        [
            64,
            258,
            319
        ],
        [
            72,
            258,
            319
        ],
        [
            44,
            384,
            511
        ],
        [
            112,
            431,
            495
        ],
        [
            72,
            258,
            319
        ],
        [
            80,
            357,
            443
        ],
        [
            72,
            259,
            319
        ],
        [
            72,
            256,
            319
        ],
        [
            72,
            267,
            319
        ],
        [
            72,
            258,
            319
        ],
        [
            72,
            299,
            383
        ],
        [
            80,
            300,
            383
        ],
        [
            96,
            352,
            511
        ],
        [
            80,
            358,
            445
        ],
        [
            72,
            258,
            319
        ],
        [
            88,
            359,
            446
        ],
        [
            72,
            258,
            319
        ],
        [
            72,
            359,
            447
        ],
        [
            72,
            257,
            319
        ],
        [
            136,
            427,
            504
        ],
        [
            72,
            257,
            319
        ],
        [
            72,
            259,
            319
        ],
        [
            72,
            258,
            319
        ],
        [
            92,
            410,
            497
        ],
        [
            80,
            324,
            383
        ],
        [
            72,
            255,
            319
        ],
        [
            72,
            258,
            319
        ],
        [
            96,
            410,
            504
        ],
        [
            80,
            278,
            319
        ],
        [
            56,
            286,
            383
        ],
        [
            72,
            256,
            319
        ],
        [
            80,
            352,
            511
        ],
        [
            80,
            276,
            351
        ],
        [
            72,
            259,
            319
        ],
        [
            80,
            300,
            383
        ]
    ],